fold.id	optimal.fdr	optimal.gap	training.error.rate	test.error.rate
1	5E-2	10	35.4285714285714	41.9047619047619
2	5E-5	10	39.9585921325052	19.047619047619
3	5E-5	10	26.5010351966874	63.265306122449
4	5E-5	10	38.8471177944862	28.5714285714286
