fold.id	optimal.fdr	optimal.gap	training.error.rate	test.error.rate
1	5E-5	10	7.91208791208791	10.8465608465608
2	1E-3	10	6.24512099921936	14.7186147186147
3	1E-3	10	9.28571428571429	6.41821946169772
4	1E-3	10	10.2040816326531	3.0952380952381
