fold.id	optimal.fdr	optimal.gap	training.error.rate	test.error.rate
1	5E-5	8	14.5833333333333	25
2	5E-3	10	18.4210526315789	8.33333333333333
3	5E-3	10	18.75	8.92857142857143
4	5E-4	10	9.375	42.5
