fold.id	optimal.fdr	optimal.gap	training.error.rate	test.error.rate
1	5E-6	0	27.6803118908382	26.4957264957265
2	5E-6	0	29.2592592592593	20.5387205387205
3	1E-5	2	26.3374485596708	34.0740740740741
4	5E-6	0	24.5963912630579	36.4197530864198
