fold.id	optimal.fdr	optimal.gap	training.error.rate	test.error.rate
1	1E-6	3	10.3370786516854	14.1666666666667
2	1E-6	3	12	10.625
3	1E-6	3	10.8256880733945	15
4	1E-6	3	13.3333333333333	5.51724137931035
