fold.id	optimal.fdr	optimal.gap	training.error.rate	test.error.rate
1	1E-4	4	16.8119099491648	20.8061002178649
2	5E-4	3	20.3347578347578	9.49074074074074
3	1E-4	4	17.4603174603175	18.5185185185185
4	5E-4	9	16.016016016016	25.6296296296296
