fold.id	optimal.fdr	optimal.gap	training.error.rate	test.error.rate
1	5E-6	0	27.1230826786382	36.3479758828596
2	5E-6	0	31.1180339217722	26.2433862433862
3	5E-6	0	31.2757201646091	25.599128540305
4	5E-6	0	29.9272486772487	29.8765432098765
